Date,Area Name,Temperature,Humidity,Latitude,Longitude,Number of Cases,Number of Hospitals,Number of Deaths
31-10-2019,Pallavaram,32.82577087,72.47700267,12.9676,80.1496,13,4,2
30-11-2019,Pallavaram,31.70542079,87.85421815,12.9676,80.1496,9,9,3
31-12-2019,Pallavaram,25.92833785,63.44444726,12.9676,80.1496,10,7,1
31-01-2020,Pallavaram,30.29425098,77.51810043,12.9676,80.1496,12,7,0
29-02-2020,Pallavaram,26.20045043,88.61338746,12.9676,80.1496,5,8,3
31-03-2020,Pallavaram,27.23388503,83.00929983,12.9676,80.1496,17,4,1
30-04-2020,Pallavaram,33.91124712,78.90747949,12.9676,80.1496,8,3,4
31-05-2020,Pallavaram,27.85931033,70.06836338,12.9676,80.1496,9,5,1
30-06-2020,Pallavaram,27.73785893,84.16127788,12.9676,80.1496,15,5,0
31-07-2020,Pallavaram,31.50682349,61.15322648,12.9676,80.1496,10,1,3
31-08-2020,Pallavaram,33.89331173,78.76554125,12.9676,80.1496,12,5,0
30-09-2020,Pallavaram,34.02976108,73.60484914,12.9676,80.1496,11,2,1
31-10-2020,Pallavaram,30.98736681,60.90843736,12.9676,80.1496,8,9,0
30-11-2020,Pallavaram,29.75274562,68.74894076,12.9676,80.1496,7,8,2
31-12-2020,Pallavaram,26.76882265,81.23825757,12.9676,80.1496,10,6,0
31-01-2021,Pallavaram,29.38035562,70.00049201,12.9676,80.1496,5,6,1
28-02-2021,Pallavaram,27.40640424,71.75648254,12.9676,80.1496,13,4,0
31-03-2021,Pallavaram,25.1202121,82.34783548,12.9676,80.1496,8,1,2
30-04-2021,Pallavaram,32.91337105,86.91714072,12.9676,80.1496,12,7,0
31-05-2021,Pallavaram,30.18384698,78.62831156,12.9676,80.1496,15,7,1
30-06-2021,Pallavaram,30.84605832,87.60510174,12.9676,80.1496,5,7,0
31-07-2021,Pallavaram,34.50989882,71.69774757,12.9676,80.1496,7,2,0
31-08-2021,Pallavaram,29.45812217,83.49373252,12.9676,80.1496,8,5,0
30-09-2021,Pallavaram,25.97948699,77.73675127,12.9676,80.1496,11,5,1
31-10-2021,Pallavaram,27.14663389,81.94284463,12.9676,80.1496,15,9,2
30-11-2021,Pallavaram,26.24820293,83.9129288,12.9676,80.1496,9,4,2
31-12-2021,Pallavaram,27.37668626,78.64354412,12.9676,80.1496,11,1,1
31-01-2022,Pallavaram,29.56954904,80.01203534,12.9676,80.1496,8,5,1
28-02-2022,Pallavaram,25.97800562,81.02676281,12.9676,80.1496,9,9,1
31-03-2022,Pallavaram,33.45654181,61.50353126,12.9676,80.1496,9,7,0
30-04-2022,Pallavaram,32.38473647,65.58328557,12.9676,80.1496,9,7,1
31-05-2022,Pallavaram,33.93063598,63.61277334,12.9676,80.1496,11,9,1
30-06-2022,Pallavaram,31.48783087,68.47716574,12.9676,80.1496,8,4,1
31-07-2022,Pallavaram,26.97666815,80.98597253,12.9676,80.1496,13,9,4
31-08-2022,Pallavaram,27.50265873,80.66769955,12.9676,80.1496,13,5,0
30-09-2022,Pallavaram,33.95503764,71.29469411,12.9676,80.1496,6,8,0
31-10-2022,Pallavaram,26.65108193,69.92554327,12.9676,80.1496,5,6,3
30-11-2022,Pallavaram,30.66695652,68.40373345,12.9676,80.1496,12,7,1
31-12-2022,Pallavaram,29.18292702,65.74400067,12.9676,80.1496,11,7,1
31-01-2023,Pallavaram,32.54663333,79.34628537,12.9676,80.1496,4,9,2
28-02-2023,Pallavaram,34.46587442,82.6195183,12.9676,80.1496,7,3,0
31-03-2023,Pallavaram,32.49461418,64.62406065,12.9676,80.1496,16,8,0
30-04-2023,Pallavaram,25.74283535,81.49107376,12.9676,80.1496,9,9,1
31-05-2023,Pallavaram,25.05638245,78.77678814,12.9676,80.1496,12,2,0
30-06-2023,Pallavaram,32.91836799,89.61031635,12.9676,80.1496,9,9,2
31-07-2023,Pallavaram,31.15426598,63.96161429,12.9676,80.1496,10,5,0
31-08-2023,Pallavaram,26.23788171,66.24055073,12.9676,80.1496,14,9,1
30-09-2023,Pallavaram,28.26499368,85.96837226,12.9676,80.1496,10,1,0
31-10-2023,Pallavaram,28.34160973,71.40071667,12.9676,80.1496,11,9,1
30-11-2023,Pallavaram,27.74912848,82.51717027,12.9676,80.1496,6,1,1
31-12-2023,Pallavaram,26.75553627,71.16406544,12.9676,80.1496,10,7,2
31-01-2024,Pallavaram,34.38936705,84.25792592,12.9676,80.1496,5,2,2
29-02-2024,Pallavaram,29.08200946,68.34008917,12.9676,80.1496,4,4,0
31-03-2024,Pallavaram,29.06878257,88.22748162,12.9676,80.1496,18,1,4
30-04-2024,Pallavaram,32.85821221,86.77852225,12.9676,80.1496,9,6,1
31-05-2024,Pallavaram,32.34145967,89.14972437,12.9676,80.1496,7,5,0
30-06-2024,Pallavaram,34.81623105,77.75488109,12.9676,80.1496,8,7,0
31-07-2024,Pallavaram,27.19089316,88.1958137,12.9676,80.1496,8,8,0
31-08-2024,Pallavaram,32.09780964,68.16427426,12.9676,80.1496,8,5,3
31-10-2019,T. Nagar,26.17396107,87.91907124,13.0405,80.2337,13,9,0
30-11-2019,T. Nagar,26.41729312,75.27783461,13.0405,80.2337,13,7,2
31-12-2019,T. Nagar,33.10146754,71.30565273,13.0405,80.2337,4,9,2
31-01-2020,T. Nagar,27.37646332,81.00081196,13.0405,80.2337,3,1,2
29-02-2020,T. Nagar,25.69456743,65.30232122,13.0405,80.2337,7,5,0
31-03-2020,T. Nagar,34.76474281,78.13521921,13.0405,80.2337,13,3,0
30-04-2020,T. Nagar,28.15873906,69.25089054,13.0405,80.2337,11,7,2
31-05-2020,T. Nagar,25.95897471,75.65872265,13.0405,80.2337,5,5,1
30-06-2020,T. Nagar,34.34184193,82.93121265,13.0405,80.2337,10,2,0
31-07-2020,T. Nagar,30.70734854,74.66764802,13.0405,80.2337,16,5,1
31-08-2020,T. Nagar,26.4653493,83.13450574,13.0405,80.2337,12,4,1
30-09-2020,T. Nagar,34.25603636,87.52671297,13.0405,80.2337,5,3,1
31-10-2020,T. Nagar,26.26384012,81.96003443,13.0405,80.2337,11,7,1
30-11-2020,T. Nagar,30.29701536,72.03555553,13.0405,80.2337,7,1,0
31-12-2020,T. Nagar,32.87381799,70.88122717,13.0405,80.2337,11,2,1
31-01-2021,T. Nagar,27.69672809,74.54124227,13.0405,80.2337,13,4,2
28-02-2021,T. Nagar,32.9262708,62.83634703,13.0405,80.2337,17,4,0
31-03-2021,T. Nagar,25.16251646,67.79708482,13.0405,80.2337,12,3,1
30-04-2021,T. Nagar,33.94879188,72.45608159,13.0405,80.2337,7,8,1
31-05-2021,T. Nagar,31.77110021,88.51442847,13.0405,80.2337,12,5,0
30-06-2021,T. Nagar,34.40046674,77.78506095,13.0405,80.2337,7,7,2
31-07-2021,T. Nagar,26.74447352,83.85262454,13.0405,80.2337,7,1,0
31-08-2021,T. Nagar,30.34635138,71.99067259,13.0405,80.2337,7,7,2
30-09-2021,T. Nagar,28.18864062,66.03305429,13.0405,80.2337,8,6,1
31-10-2021,T. Nagar,29.86164652,87.52481041,13.0405,80.2337,7,9,0
30-11-2021,T. Nagar,30.22424611,68.75546667,13.0405,80.2337,9,8,0
31-12-2021,T. Nagar,28.45275878,73.02067197,13.0405,80.2337,15,8,1
31-01-2022,T. Nagar,27.59165813,71.6458429,13.0405,80.2337,12,7,2
28-02-2022,T. Nagar,33.61690347,79.97485438,13.0405,80.2337,8,7,0
31-03-2022,T. Nagar,28.41515304,81.40971712,13.0405,80.2337,5,9,2
30-04-2022,T. Nagar,34.17219637,86.50719796,13.0405,80.2337,15,1,0
31-05-2022,T. Nagar,27.28112178,80.46747265,13.0405,80.2337,8,2,0
30-06-2022,T. Nagar,27.8582557,62.83843099,13.0405,80.2337,7,9,1
31-07-2022,T. Nagar,31.40209951,82.40761631,13.0405,80.2337,9,8,1
31-08-2022,T. Nagar,27.2319197,66.0780277,13.0405,80.2337,8,7,0
30-09-2022,T. Nagar,28.76940668,76.28804011,13.0405,80.2337,4,2,0
31-10-2022,T. Nagar,28.51823867,65.71871805,13.0405,80.2337,5,6,1
30-11-2022,T. Nagar,31.64637795,61.46865507,13.0405,80.2337,5,5,0
31-12-2022,T. Nagar,25.99264042,89.87509351,13.0405,80.2337,10,3,1
31-01-2023,T. Nagar,32.84518737,70.9422933,13.0405,80.2337,13,9,3
28-02-2023,T. Nagar,29.38117695,61.87616253,13.0405,80.2337,6,8,1
31-03-2023,T. Nagar,34.35753539,63.94409742,13.0405,80.2337,10,8,0
30-04-2023,T. Nagar,30.16971418,86.9102435,13.0405,80.2337,11,9,2
31-05-2023,T. Nagar,27.00317408,84.89049517,13.0405,80.2337,9,9,2
30-06-2023,T. Nagar,34.38304426,77.55198525,13.0405,80.2337,11,3,2
31-07-2023,T. Nagar,29.96647725,82.79461214,13.0405,80.2337,10,5,1
31-08-2023,T. Nagar,30.43644208,76.53218949,13.0405,80.2337,15,2,4
30-09-2023,T. Nagar,32.57885061,76.61858745,13.0405,80.2337,12,9,0
31-10-2023,T. Nagar,26.84643069,67.40789836,13.0405,80.2337,10,8,1
30-11-2023,T. Nagar,29.5090822,78.42749357,13.0405,80.2337,12,2,1
31-12-2023,T. Nagar,34.23787668,86.79277422,13.0405,80.2337,13,9,0
31-01-2024,T. Nagar,32.21183909,70.2251262,13.0405,80.2337,12,7,2
29-02-2024,T. Nagar,25.83354423,79.03911434,13.0405,80.2337,9,5,1
31-03-2024,T. Nagar,28.73214932,62.56449769,13.0405,80.2337,10,9,3
30-04-2024,T. Nagar,30.81611403,74.97579476,13.0405,80.2337,9,5,3
31-05-2024,T. Nagar,30.02312979,63.5547202,13.0405,80.2337,5,3,2
30-06-2024,T. Nagar,33.82671234,89.90687046,13.0405,80.2337,11,7,1
31-07-2024,T. Nagar,31.95799097,85.07674641,13.0405,80.2337,12,7,1
31-08-2024,T. Nagar,28.44861141,87.21886124,13.0405,80.2337,8,7,0
31-10-2019,Adyar,29.95180331,74.27255791,13.0067,80.2578,14,1,1
30-11-2019,Adyar,30.30666076,68.40546623,13.0067,80.2578,9,1,2
31-12-2019,Adyar,31.26670178,80.40624291,13.0067,80.2578,16,1,0
31-01-2020,Adyar,26.61756611,62.70359097,13.0067,80.2578,7,1,0
29-02-2020,Adyar,25.39273951,67.58176332,13.0067,80.2578,8,6,0
31-03-2020,Adyar,29.63736257,71.44050879,13.0067,80.2578,9,1,3
30-04-2020,Adyar,25.92929556,71.14845322,13.0067,80.2578,6,6,2
31-05-2020,Adyar,28.10327562,80.46758745,13.0067,80.2578,7,7,2
30-06-2020,Adyar,25.4990769,87.66207775,13.0067,80.2578,11,5,2
31-07-2020,Adyar,32.66517962,73.5983142,13.0067,80.2578,14,9,1
31-08-2020,Adyar,29.57013756,61.72450162,13.0067,80.2578,9,6,1
30-09-2020,Adyar,34.03356863,70.57550115,13.0067,80.2578,15,9,0
31-10-2020,Adyar,30.10988232,88.5095744,13.0067,80.2578,17,8,0
30-11-2020,Adyar,28.94129249,66.12163527,13.0067,80.2578,10,9,2
31-12-2020,Adyar,29.70071392,69.31893732,13.0067,80.2578,9,1,2
31-01-2021,Adyar,34.80994902,72.65682427,13.0067,80.2578,7,1,0
28-02-2021,Adyar,32.50768728,80.22038978,13.0067,80.2578,6,1,2
31-03-2021,Adyar,31.97667273,75.54221404,13.0067,80.2578,12,6,1
30-04-2021,Adyar,31.80354655,78.79927808,13.0067,80.2578,14,1,1
31-05-2021,Adyar,33.4873433,75.19462699,13.0067,80.2578,11,5,0
30-06-2021,Adyar,31.05935937,83.03347155,13.0067,80.2578,13,8,2
31-07-2021,Adyar,29.25540688,81.44178205,13.0067,80.2578,12,7,2
31-08-2021,Adyar,26.35983045,78.35544884,13.0067,80.2578,18,1,0
30-09-2021,Adyar,32.53365016,85.55280327,13.0067,80.2578,5,8,3
31-10-2021,Adyar,31.60695494,88.3378725,13.0067,80.2578,8,9,2
30-11-2021,Adyar,34.87153475,88.22703345,13.0067,80.2578,17,9,1
31-12-2021,Adyar,28.86676576,84.56882943,13.0067,80.2578,4,9,0
31-01-2022,Adyar,29.55652206,84.86187766,13.0067,80.2578,17,3,0
28-02-2022,Adyar,28.94492853,87.13674249,13.0067,80.2578,12,3,0
31-03-2022,Adyar,27.30220235,64.6126113,13.0067,80.2578,9,6,1
30-04-2022,Adyar,26.77596281,75.44191825,13.0067,80.2578,9,6,1
31-05-2022,Adyar,34.15228152,73.22482793,13.0067,80.2578,7,6,3
30-06-2022,Adyar,34.99018946,82.37287183,13.0067,80.2578,15,7,0
31-07-2022,Adyar,25.49406367,75.70562717,13.0067,80.2578,8,1,0
31-08-2022,Adyar,28.57987341,68.34294237,13.0067,80.2578,9,9,1
30-09-2022,Adyar,26.00029072,87.91314455,13.0067,80.2578,13,7,0
31-10-2022,Adyar,30.32010891,86.28214901,13.0067,80.2578,11,5,3
30-11-2022,Adyar,28.37145911,74.6560482,13.0067,80.2578,6,1,0
31-12-2022,Adyar,26.71053222,80.02984733,13.0067,80.2578,9,3,3
31-01-2023,Adyar,32.45252692,67.85753251,13.0067,80.2578,10,1,0
28-02-2023,Adyar,26.51740029,85.79807636,13.0067,80.2578,8,9,2
31-03-2023,Adyar,34.34717975,69.89460061,13.0067,80.2578,8,8,1
30-04-2023,Adyar,33.85720249,66.41187706,13.0067,80.2578,5,7,1
31-05-2023,Adyar,33.90721837,66.63839556,13.0067,80.2578,13,3,1
30-06-2023,Adyar,32.04182035,64.5843516,13.0067,80.2578,5,4,1
31-07-2023,Adyar,26.74673842,70.59212842,13.0067,80.2578,13,2,1
31-08-2023,Adyar,28.32018459,76.68834282,13.0067,80.2578,13,7,1
30-09-2023,Adyar,33.53306097,85.046477,13.0067,80.2578,10,4,1
31-10-2023,Adyar,25.26060537,73.49865477,13.0067,80.2578,11,5,1
30-11-2023,Adyar,27.30085474,67.11294134,13.0067,80.2578,7,9,3
31-12-2023,Adyar,32.78543375,74.96802753,13.0067,80.2578,9,9,1
31-01-2024,Adyar,34.78995902,74.23175607,13.0067,80.2578,15,9,3
29-02-2024,Adyar,32.23651615,61.80778894,13.0067,80.2578,8,3,0
31-03-2024,Adyar,33.87148671,71.16401691,13.0067,80.2578,14,3,2
30-04-2024,Adyar,31.47790963,84.501199,13.0067,80.2578,9,6,1
31-05-2024,Adyar,30.53525437,81.05031742,13.0067,80.2578,14,9,1
30-06-2024,Adyar,25.67888648,70.47865231,13.0067,80.2578,11,3,0
31-07-2024,Adyar,25.35245033,86.3061236,13.0067,80.2578,10,7,2
31-08-2024,Adyar,32.42803377,61.93567736,13.0067,80.2578,6,4,2
31-10-2019,Velachery,26.08912245,86.20398184,12.9739,80.2183,14,6,2
30-11-2019,Velachery,26.3904324,72.62542382,12.9739,80.2183,13,4,2
31-12-2019,Velachery,34.92628167,83.45001673,12.9739,80.2183,15,7,2
31-01-2020,Velachery,31.12244276,67.76791208,12.9739,80.2183,13,3,1
29-02-2020,Velachery,27.20356464,63.29492744,12.9739,80.2183,15,3,1
31-03-2020,Velachery,27.38085454,72.99177843,12.9739,80.2183,18,3,0
30-04-2020,Velachery,27.38632154,74.24490861,12.9739,80.2183,7,5,0
31-05-2020,Velachery,32.46957545,75.4992245,12.9739,80.2183,9,9,0
30-06-2020,Velachery,25.63227229,78.96903656,12.9739,80.2183,10,2,0
31-07-2020,Velachery,28.95452769,86.62929386,12.9739,80.2183,10,5,1
31-08-2020,Velachery,25.86582428,60.20055225,12.9739,80.2183,13,7,2
30-09-2020,Velachery,32.91978464,70.41597562,12.9739,80.2183,10,5,0
31-10-2020,Velachery,27.91470889,87.91195581,12.9739,80.2183,9,5,1
30-11-2020,Velachery,28.72092008,73.94339485,12.9739,80.2183,12,3,0
31-12-2020,Velachery,30.83181547,74.87570938,12.9739,80.2183,14,2,0
31-01-2021,Velachery,28.30811684,77.21000338,12.9739,80.2183,4,7,3
28-02-2021,Velachery,26.68055027,89.67928781,12.9739,80.2183,9,2,0
31-03-2021,Velachery,31.28338292,68.55018372,12.9739,80.2183,9,1,0
30-04-2021,Velachery,31.92679163,84.3133245,12.9739,80.2183,7,7,2
31-05-2021,Velachery,25.98867556,71.21518081,12.9739,80.2183,14,2,1
30-06-2021,Velachery,26.01177312,70.08865709,12.9739,80.2183,10,7,2
31-07-2021,Velachery,31.24360748,63.02648689,12.9739,80.2183,11,7,2
31-08-2021,Velachery,26.79330822,64.36000544,12.9739,80.2183,11,6,1
30-09-2021,Velachery,31.40597251,88.33198004,12.9739,80.2183,14,8,0
31-10-2021,Velachery,27.67431597,73.5422512,12.9739,80.2183,7,3,2
30-11-2021,Velachery,34.95572902,65.91600594,12.9739,80.2183,9,6,1
31-12-2021,Velachery,30.24099435,63.87704629,12.9739,80.2183,14,9,0
31-01-2022,Velachery,31.12166434,65.34942452,12.9739,80.2183,8,2,2
28-02-2022,Velachery,33.78979761,83.48014582,12.9739,80.2183,5,4,1
31-03-2022,Velachery,25.39924843,70.81581012,12.9739,80.2183,13,4,1
30-04-2022,Velachery,28.92437405,83.25505267,12.9739,80.2183,14,6,4
31-05-2022,Velachery,28.87629903,64.13797044,12.9739,80.2183,10,1,0
30-06-2022,Velachery,25.12691534,82.56107205,12.9739,80.2183,10,7,2
31-07-2022,Velachery,34.42840541,73.21601264,12.9739,80.2183,12,6,0
31-08-2022,Velachery,27.27082717,64.46240145,12.9739,80.2183,8,8,1
30-09-2022,Velachery,30.6259142,67.68866373,12.9739,80.2183,10,5,0
31-10-2022,Velachery,33.27993538,78.54271217,12.9739,80.2183,16,5,1
30-11-2022,Velachery,27.68688777,73.76893896,12.9739,80.2183,8,4,1
31-12-2022,Velachery,29.39313504,64.86606916,12.9739,80.2183,7,1,1
31-01-2023,Velachery,26.98122645,87.62818442,12.9739,80.2183,9,7,0
28-02-2023,Velachery,34.41882189,64.12299836,12.9739,80.2183,7,4,1
31-03-2023,Velachery,28.68933783,70.12751859,12.9739,80.2183,9,9,2
30-04-2023,Velachery,28.33173556,82.69969572,12.9739,80.2183,13,1,1
31-05-2023,Velachery,26.81730073,60.41099784,12.9739,80.2183,14,1,1
30-06-2023,Velachery,26.21107143,75.43802181,12.9739,80.2183,11,4,2
31-07-2023,Velachery,27.48174118,79.76646597,12.9739,80.2183,6,8,0
31-08-2023,Velachery,32.10962229,77.54527486,12.9739,80.2183,10,7,0
30-09-2023,Velachery,34.95515522,88.1099562,12.9739,80.2183,6,6,1
31-10-2023,Velachery,28.10429091,70.88795794,12.9739,80.2183,6,7,1
30-11-2023,Velachery,33.48733278,70.82920167,12.9739,80.2183,12,2,1
31-12-2023,Velachery,34.89310018,89.90034561,12.9739,80.2183,10,4,0
31-01-2024,Velachery,31.87930868,88.11925866,12.9739,80.2183,12,1,0
29-02-2024,Velachery,28.87639363,87.523365,12.9739,80.2183,12,6,2
31-03-2024,Velachery,34.92224091,79.1797655,12.9739,80.2183,9,6,2
30-04-2024,Velachery,25.19706691,84.92861387,12.9739,80.2183,4,9,1
31-05-2024,Velachery,25.51249569,61.9917073,12.9739,80.2183,9,5,0
30-06-2024,Velachery,31.34604773,63.03288014,12.9739,80.2183,12,1,1
31-07-2024,Velachery,29.58693674,89.74351602,12.9739,80.2183,9,6,0
31-08-2024,Velachery,29.70147136,66.70383577,12.9739,80.2183,12,3,0
31-10-2019,Tambaram,28.16962901,84.39789438,12.9229,80.1275,12,8,0
30-11-2019,Tambaram,34.65514039,84.1771862,12.9229,80.1275,12,6,2
31-12-2019,Tambaram,34.06751284,67.61754995,12.9229,80.1275,6,9,0
31-01-2020,Tambaram,28.31381706,65.82193214,12.9229,80.1275,13,2,1
29-02-2020,Tambaram,27.01022336,84.23151717,12.9229,80.1275,6,4,2
31-03-2020,Tambaram,25.68565684,82.28270447,12.9229,80.1275,7,4,1
30-04-2020,Tambaram,31.94226419,62.12197943,12.9229,80.1275,9,6,0
31-05-2020,Tambaram,30.09276531,88.49136792,12.9229,80.1275,9,1,1
30-06-2020,Tambaram,26.81690221,89.85927791,12.9229,80.1275,12,2,0
31-07-2020,Tambaram,25.62361,87.80337262,12.9229,80.1275,14,3,2
31-08-2020,Tambaram,25.54010251,88.17936794,12.9229,80.1275,16,1,0
30-09-2020,Tambaram,27.48155012,77.32711364,12.9229,80.1275,8,5,2
31-10-2020,Tambaram,29.2802074,62.31465315,12.9229,80.1275,10,4,1
30-11-2020,Tambaram,30.58523388,66.66201433,12.9229,80.1275,7,7,3
31-12-2020,Tambaram,32.30274899,81.50772733,12.9229,80.1275,11,3,2
31-01-2021,Tambaram,33.41894342,66.2644212,12.9229,80.1275,13,6,0
28-02-2021,Tambaram,33.30708368,84.17028293,12.9229,80.1275,11,3,1
31-03-2021,Tambaram,31.33660006,79.10294204,12.9229,80.1275,17,1,1
30-04-2021,Tambaram,28.21543062,84.55916162,12.9229,80.1275,8,3,1
31-05-2021,Tambaram,26.23708851,72.23872771,12.9229,80.1275,13,9,0
30-06-2021,Tambaram,26.09605637,80.59632876,12.9229,80.1275,8,6,0
31-07-2021,Tambaram,27.33049274,81.95001554,12.9229,80.1275,14,9,3
31-08-2021,Tambaram,27.66757755,62.92174652,12.9229,80.1275,11,6,2
30-09-2021,Tambaram,34.39132401,64.18566618,12.9229,80.1275,10,6,2
31-10-2021,Tambaram,25.52983192,80.28970114,12.9229,80.1275,6,3,0
30-11-2021,Tambaram,26.2171021,62.32716739,12.9229,80.1275,10,1,1
31-12-2021,Tambaram,29.58677092,82.39734899,12.9229,80.1275,10,9,1
31-01-2022,Tambaram,27.45128579,63.06712297,12.9229,80.1275,12,8,0
28-02-2022,Tambaram,34.07767574,64.76363812,12.9229,80.1275,8,3,2
31-03-2022,Tambaram,31.57810317,74.51721517,12.9229,80.1275,8,3,0
30-04-2022,Tambaram,32.07673884,82.76994349,12.9229,80.1275,15,2,0
31-05-2022,Tambaram,25.56153236,73.03915187,12.9229,80.1275,14,3,3
30-06-2022,Tambaram,25.510478,87.38477796,12.9229,80.1275,10,3,4
31-07-2022,Tambaram,32.71643371,65.17047356,12.9229,80.1275,11,3,0
31-08-2022,Tambaram,27.45738427,75.23662148,12.9229,80.1275,8,7,1
30-09-2022,Tambaram,28.30232231,60.44666775,12.9229,80.1275,12,8,2
31-10-2022,Tambaram,31.1385108,82.22680333,12.9229,80.1275,16,1,1
30-11-2022,Tambaram,30.80543997,66.16631372,12.9229,80.1275,15,2,0
31-12-2022,Tambaram,27.42947507,82.75558906,12.9229,80.1275,12,1,0
31-01-2023,Tambaram,34.52577083,70.73164055,12.9229,80.1275,7,3,1
28-02-2023,Tambaram,28.97835373,60.4034214,12.9229,80.1275,6,8,0
31-03-2023,Tambaram,31.35305136,89.13470359,12.9229,80.1275,13,1,2
30-04-2023,Tambaram,25.77073114,75.57605267,12.9229,80.1275,6,2,1
31-05-2023,Tambaram,27.29229103,64.75601478,12.9229,80.1275,10,3,2
30-06-2023,Tambaram,27.23220267,67.00195908,12.9229,80.1275,10,6,1
31-07-2023,Tambaram,27.34455123,61.41320682,12.9229,80.1275,15,5,2
31-08-2023,Tambaram,32.6788961,77.47540802,12.9229,80.1275,6,5,4
30-09-2023,Tambaram,31.01714262,72.82968476,12.9229,80.1275,11,6,0
31-10-2023,Tambaram,34.41475812,87.57514222,12.9229,80.1275,15,2,1
30-11-2023,Tambaram,26.85347987,83.06677026,12.9229,80.1275,8,7,2
31-12-2023,Tambaram,29.17960955,74.59190313,12.9229,80.1275,9,2,1
31-01-2024,Tambaram,28.16280584,86.01441352,12.9229,80.1275,12,2,0
29-02-2024,Tambaram,32.96537356,87.76385013,12.9229,80.1275,9,2,0
31-03-2024,Tambaram,27.81047443,86.27096636,12.9229,80.1275,10,1,0
30-04-2024,Tambaram,28.01323971,64.34117763,12.9229,80.1275,9,3,2
31-05-2024,Tambaram,25.31361375,65.1039007,12.9229,80.1275,11,1,0
30-06-2024,Tambaram,32.79653353,67.74209731,12.9229,80.1275,15,3,1
31-07-2024,Tambaram,34.61936458,62.71089812,12.9229,80.1275,14,5,1
31-08-2024,Tambaram,33.62052244,82.94103603,12.9229,80.1275,12,9,0
31-10-2019,Kodambakkam,27.95260824,63.07406218,13.0524,80.2337,10,5,0
30-11-2019,Kodambakkam,25.21186955,70.79832207,13.0524,80.2337,12,3,2
31-12-2019,Kodambakkam,32.36761681,73.75291941,13.0524,80.2337,4,3,0
31-01-2020,Kodambakkam,27.69852408,84.76907976,13.0524,80.2337,11,2,0
29-02-2020,Kodambakkam,33.58993208,83.86533981,13.0524,80.2337,4,4,4
31-03-2020,Kodambakkam,34.71839967,62.29730913,13.0524,80.2337,13,4,0
30-04-2020,Kodambakkam,30.52459484,76.74254464,13.0524,80.2337,10,6,0
31-05-2020,Kodambakkam,25.1756014,69.45731278,13.0524,80.2337,8,7,1
30-06-2020,Kodambakkam,28.20096275,80.7152942,13.0524,80.2337,10,8,0
31-07-2020,Kodambakkam,29.57609814,77.20203615,13.0524,80.2337,9,7,0
31-08-2020,Kodambakkam,29.75812138,77.50968174,13.0524,80.2337,7,8,2
30-09-2020,Kodambakkam,33.46834319,86.18536185,13.0524,80.2337,9,1,3
31-10-2020,Kodambakkam,33.74344042,86.06994389,13.0524,80.2337,8,2,1
30-11-2020,Kodambakkam,34.22066416,69.64047575,13.0524,80.2337,7,3,0
31-12-2020,Kodambakkam,31.7349179,85.48094702,13.0524,80.2337,8,5,0
31-01-2021,Kodambakkam,31.6478544,64.07495831,13.0524,80.2337,9,7,1
28-02-2021,Kodambakkam,28.91974797,76.38058048,13.0524,80.2337,14,5,3
31-03-2021,Kodambakkam,33.3883474,73.91698796,13.0524,80.2337,9,5,1
30-04-2021,Kodambakkam,32.6502017,84.93679321,13.0524,80.2337,13,5,2
31-05-2021,Kodambakkam,29.09111254,77.19500086,13.0524,80.2337,19,9,0
30-06-2021,Kodambakkam,32.17122316,61.45829161,13.0524,80.2337,16,4,2
31-07-2021,Kodambakkam,28.65070183,71.42777293,13.0524,80.2337,7,1,1
31-08-2021,Kodambakkam,32.36974638,61.93145388,13.0524,80.2337,7,6,2
30-09-2021,Kodambakkam,29.28122825,60.14210564,13.0524,80.2337,10,3,2
31-10-2021,Kodambakkam,33.50556713,80.19865678,13.0524,80.2337,6,6,0
30-11-2021,Kodambakkam,30.06209348,75.44841587,13.0524,80.2337,12,1,1
31-12-2021,Kodambakkam,31.53297278,67.92226386,13.0524,80.2337,3,2,3
31-01-2022,Kodambakkam,28.82985747,80.56564617,13.0524,80.2337,16,4,0
28-02-2022,Kodambakkam,31.42984943,88.5060514,13.0524,80.2337,13,9,1
31-03-2022,Kodambakkam,34.71148503,73.86421804,13.0524,80.2337,7,3,0
30-04-2022,Kodambakkam,33.00623861,68.14707691,13.0524,80.2337,7,5,2
31-05-2022,Kodambakkam,27.53139195,86.8566091,13.0524,80.2337,17,4,1
30-06-2022,Kodambakkam,26.34195488,73.11254906,13.0524,80.2337,11,8,1
31-07-2022,Kodambakkam,27.35307642,61.95700156,13.0524,80.2337,10,2,1
31-08-2022,Kodambakkam,26.84854402,72.47385617,13.0524,80.2337,9,4,1
30-09-2022,Kodambakkam,25.47638984,79.04473194,13.0524,80.2337,6,5,1
31-10-2022,Kodambakkam,34.80844539,70.61482178,13.0524,80.2337,9,1,0
30-11-2022,Kodambakkam,32.55606225,72.77094432,13.0524,80.2337,14,2,1
31-12-2022,Kodambakkam,33.49923916,63.34037553,13.0524,80.2337,9,7,4
31-01-2023,Kodambakkam,26.13375087,78.57736949,13.0524,80.2337,16,7,1
28-02-2023,Kodambakkam,30.13855235,73.81197191,13.0524,80.2337,14,8,0
31-03-2023,Kodambakkam,32.16527891,83.33930394,13.0524,80.2337,11,8,2
30-04-2023,Kodambakkam,32.29301817,87.80256028,13.0524,80.2337,14,4,0
31-05-2023,Kodambakkam,28.12535499,75.10570854,13.0524,80.2337,12,3,1
30-06-2023,Kodambakkam,29.7257736,85.28592783,13.0524,80.2337,11,5,1
31-07-2023,Kodambakkam,34.28259217,87.77130544,13.0524,80.2337,6,8,2
31-08-2023,Kodambakkam,33.60016431,77.17222869,13.0524,80.2337,7,8,0
30-09-2023,Kodambakkam,25.76652152,63.03063963,13.0524,80.2337,11,3,0
31-10-2023,Kodambakkam,32.63301589,74.45830723,13.0524,80.2337,11,3,0
30-11-2023,Kodambakkam,34.99651866,73.33842982,13.0524,80.2337,13,3,2
31-12-2023,Kodambakkam,26.52336075,64.84650732,13.0524,80.2337,14,6,1
31-01-2024,Kodambakkam,27.31044839,65.50616094,13.0524,80.2337,8,5,0
29-02-2024,Kodambakkam,33.45772261,82.1771814,13.0524,80.2337,7,8,0
31-03-2024,Kodambakkam,32.17139556,63.78556513,13.0524,80.2337,8,8,0
30-04-2024,Kodambakkam,31.7043239,79.35272156,13.0524,80.2337,11,1,2
31-05-2024,Kodambakkam,26.9486643,84.53463569,13.0524,80.2337,9,6,1
30-06-2024,Kodambakkam,33.16228153,87.45105166,13.0524,80.2337,6,1,1
31-07-2024,Kodambakkam,26.27042664,62.55205477,13.0524,80.2337,8,7,0
31-08-2024,Kodambakkam,34.59568418,81.15648754,13.0524,80.2337,4,7,3
31-10-2019,Guindy,29.56983846,77.03258163,13.0107,80.2206,7,5,0
30-11-2019,Guindy,27.12810511,61.4658836,13.0107,80.2206,8,4,2
31-12-2019,Guindy,25.79610376,79.09610131,13.0107,80.2206,11,8,1
31-01-2020,Guindy,32.10930441,84.16951626,13.0107,80.2206,6,6,1
29-02-2020,Guindy,28.63439685,86.68775808,13.0107,80.2206,13,4,0
31-03-2020,Guindy,33.20904649,70.90073537,13.0107,80.2206,11,7,1
30-04-2020,Guindy,29.31273894,64.24326799,13.0107,80.2206,11,4,0
31-05-2020,Guindy,28.03958425,83.00613616,13.0107,80.2206,13,8,1
30-06-2020,Guindy,30.47191219,61.5803015,13.0107,80.2206,11,7,3
31-07-2020,Guindy,30.68225752,83.3598424,13.0107,80.2206,11,2,0
31-08-2020,Guindy,34.57125368,78.90943556,13.0107,80.2206,12,9,2
30-09-2020,Guindy,32.30045164,75.7599559,13.0107,80.2206,9,2,0
31-10-2020,Guindy,30.63040814,65.81133675,13.0107,80.2206,5,5,2
30-11-2020,Guindy,33.55347042,67.25170111,13.0107,80.2206,13,8,0
31-12-2020,Guindy,33.42291312,82.65781654,13.0107,80.2206,12,4,2
31-01-2021,Guindy,27.82018715,86.7203525,13.0107,80.2206,4,5,0
28-02-2021,Guindy,26.39283298,67.75021717,13.0107,80.2206,9,9,0
31-03-2021,Guindy,29.45458129,68.30040748,13.0107,80.2206,12,4,0
30-04-2021,Guindy,26.68212472,75.49210114,13.0107,80.2206,7,8,1
31-05-2021,Guindy,28.68104415,88.43184361,13.0107,80.2206,9,4,0
30-06-2021,Guindy,25.75208159,78.42026046,13.0107,80.2206,5,4,0
31-07-2021,Guindy,29.6555964,75.41861293,13.0107,80.2206,15,1,0
31-08-2021,Guindy,25.52457237,81.50544639,13.0107,80.2206,7,6,2
30-09-2021,Guindy,34.2275312,88.11799132,13.0107,80.2206,8,9,0
31-10-2021,Guindy,27.024912,75.18361318,13.0107,80.2206,11,4,0
30-11-2021,Guindy,26.25327434,80.30044711,13.0107,80.2206,17,7,1
31-12-2021,Guindy,27.58309043,75.73902616,13.0107,80.2206,11,5,6
31-01-2022,Guindy,33.19277828,76.07684144,13.0107,80.2206,10,3,2
28-02-2022,Guindy,34.01078274,67.17691294,13.0107,80.2206,11,6,0
31-03-2022,Guindy,28.86737247,67.5730056,13.0107,80.2206,2,9,0
30-04-2022,Guindy,33.38305348,70.07563971,13.0107,80.2206,7,5,0
31-05-2022,Guindy,33.03968766,82.71331745,13.0107,80.2206,14,7,1
30-06-2022,Guindy,28.1383243,77.34554005,13.0107,80.2206,10,6,1
31-07-2022,Guindy,26.52332945,82.11838552,13.0107,80.2206,15,5,0
31-08-2022,Guindy,29.06409703,66.81510724,13.0107,80.2206,7,7,2
30-09-2022,Guindy,33.62149492,77.57949663,13.0107,80.2206,4,7,0
31-10-2022,Guindy,28.20820057,83.83437849,13.0107,80.2206,16,7,1
30-11-2022,Guindy,31.75705409,73.25022449,13.0107,80.2206,10,6,1
31-12-2022,Guindy,31.04679579,87.5361361,13.0107,80.2206,12,1,0
31-01-2023,Guindy,29.18865104,83.78055436,13.0107,80.2206,11,1,4
28-02-2023,Guindy,32.10641156,69.63541878,13.0107,80.2206,9,2,0
31-03-2023,Guindy,27.04768981,70.88558709,13.0107,80.2206,13,2,1
30-04-2023,Guindy,28.38457185,89.1333442,13.0107,80.2206,10,4,3
31-05-2023,Guindy,26.51377093,80.96128774,13.0107,80.2206,11,8,1
30-06-2023,Guindy,30.01383006,63.35533431,13.0107,80.2206,11,1,3
31-07-2023,Guindy,32.45382879,67.71291939,13.0107,80.2206,6,9,2
31-08-2023,Guindy,33.61870275,76.05158776,13.0107,80.2206,10,6,4
30-09-2023,Guindy,29.78317955,64.08303144,13.0107,80.2206,13,8,1
31-10-2023,Guindy,33.0166523,72.39349809,13.0107,80.2206,14,7,2
30-11-2023,Guindy,34.75300576,75.61221285,13.0107,80.2206,6,7,0
31-12-2023,Guindy,26.52480709,84.73590905,13.0107,80.2206,9,5,1
31-01-2024,Guindy,30.66664232,71.81927471,13.0107,80.2206,9,4,1
29-02-2024,Guindy,33.74297451,84.27598864,13.0107,80.2206,14,6,0
31-03-2024,Guindy,25.66568347,78.87361576,13.0107,80.2206,11,1,1
30-04-2024,Guindy,28.90576511,81.90053888,13.0107,80.2206,8,6,1
31-05-2024,Guindy,33.55417723,63.39752101,13.0107,80.2206,14,6,1
30-06-2024,Guindy,31.01163085,76.04101345,13.0107,80.2206,13,8,1
31-07-2024,Guindy,30.78844705,70.23012367,13.0107,80.2206,9,8,2
31-08-2024,Guindy,27.06144932,62.49199818,13.0107,80.2206,12,6,3
31-10-2019,Nungambakkam,31.94544497,75.61800794,13.0604,80.2406,12,4,0
30-11-2019,Nungambakkam,25.54468514,82.20541131,13.0604,80.2406,10,7,1
31-12-2019,Nungambakkam,29.3286781,65.49469147,13.0604,80.2406,16,3,1
31-01-2020,Nungambakkam,25.91898163,74.62110389,13.0604,80.2406,10,3,1
29-02-2020,Nungambakkam,28.71566653,70.24225559,13.0604,80.2406,10,8,0
31-03-2020,Nungambakkam,28.51030121,74.63937155,13.0604,80.2406,9,3,1
30-04-2020,Nungambakkam,32.00938696,72.0862545,13.0604,80.2406,12,9,1
31-05-2020,Nungambakkam,26.10357233,68.5911863,13.0604,80.2406,9,6,0
30-06-2020,Nungambakkam,26.86774576,69.6402151,13.0604,80.2406,9,8,1
31-07-2020,Nungambakkam,25.27052814,83.56862938,13.0604,80.2406,15,5,1
31-08-2020,Nungambakkam,33.32047643,86.70404481,13.0604,80.2406,15,9,1
30-09-2020,Nungambakkam,34.75679362,69.46653275,13.0604,80.2406,8,6,0
31-10-2020,Nungambakkam,27.29845284,86.93641611,13.0604,80.2406,9,7,1
30-11-2020,Nungambakkam,31.83977031,78.28211561,13.0604,80.2406,7,9,0
31-12-2020,Nungambakkam,31.70432594,69.0792216,13.0604,80.2406,13,1,2
31-01-2021,Nungambakkam,25.80077998,62.12952923,13.0604,80.2406,15,2,0
28-02-2021,Nungambakkam,27.8914251,78.99501401,13.0604,80.2406,12,3,2
31-03-2021,Nungambakkam,30.81620711,61.82145223,13.0604,80.2406,14,7,1
30-04-2021,Nungambakkam,32.08140949,80.24188047,13.0604,80.2406,12,6,0
31-05-2021,Nungambakkam,28.94214376,62.64393159,13.0604,80.2406,6,7,0
30-06-2021,Nungambakkam,26.03935066,69.20423924,13.0604,80.2406,12,3,1
31-07-2021,Nungambakkam,28.80685394,75.51142477,13.0604,80.2406,7,9,0
31-08-2021,Nungambakkam,34.41400533,69.77011477,13.0604,80.2406,11,2,2
30-09-2021,Nungambakkam,34.39407996,74.17127271,13.0604,80.2406,9,7,2
31-10-2021,Nungambakkam,26.42163203,64.15936376,13.0604,80.2406,14,6,0
30-11-2021,Nungambakkam,31.5672352,70.9802254,13.0604,80.2406,11,5,1
31-12-2021,Nungambakkam,33.3330847,84.27293948,13.0604,80.2406,11,5,0
31-01-2022,Nungambakkam,34.16709499,81.10973125,13.0604,80.2406,6,8,1
28-02-2022,Nungambakkam,29.71011755,82.39469448,13.0604,80.2406,6,6,1
31-03-2022,Nungambakkam,34.36755439,62.42843989,13.0604,80.2406,7,1,0
30-04-2022,Nungambakkam,33.77585963,70.24247701,13.0604,80.2406,11,2,2
31-05-2022,Nungambakkam,28.2386001,76.85950707,13.0604,80.2406,7,1,2
30-06-2022,Nungambakkam,31.76215653,62.92202305,13.0604,80.2406,9,7,0
31-07-2022,Nungambakkam,26.15957095,66.06238014,13.0604,80.2406,11,1,1
31-08-2022,Nungambakkam,34.28307544,75.99839878,13.0604,80.2406,15,6,0
30-09-2022,Nungambakkam,28.72287321,69.18698535,13.0604,80.2406,12,4,2
31-10-2022,Nungambakkam,31.91114756,80.45991891,13.0604,80.2406,8,8,1
30-11-2022,Nungambakkam,32.76257114,66.62061018,13.0604,80.2406,5,4,0
31-12-2022,Nungambakkam,34.79963732,86.41037347,13.0604,80.2406,4,9,1
31-01-2023,Nungambakkam,33.56348321,87.47201641,13.0604,80.2406,5,3,1
28-02-2023,Nungambakkam,29.81864446,63.93188644,13.0604,80.2406,7,6,2
31-03-2023,Nungambakkam,25.02638239,60.90796853,13.0604,80.2406,12,9,0
30-04-2023,Nungambakkam,33.88176593,66.17233544,13.0604,80.2406,6,3,0
31-05-2023,Nungambakkam,29.15035715,66.39189737,13.0604,80.2406,10,4,0
30-06-2023,Nungambakkam,32.24614259,87.12175299,13.0604,80.2406,8,9,3
31-07-2023,Nungambakkam,29.49412757,83.91048998,13.0604,80.2406,13,7,2
31-08-2023,Nungambakkam,34.26454649,85.35983083,13.0604,80.2406,13,2,1
30-09-2023,Nungambakkam,27.9640653,80.87685675,13.0604,80.2406,13,8,0
31-10-2023,Nungambakkam,33.87163848,69.67820652,13.0604,80.2406,9,5,0
30-11-2023,Nungambakkam,29.28709054,61.29504547,13.0604,80.2406,14,6,0
31-12-2023,Nungambakkam,32.74904383,74.40611583,13.0604,80.2406,8,3,0
31-01-2024,Nungambakkam,27.36320011,67.79001669,13.0604,80.2406,6,8,2
29-02-2024,Nungambakkam,31.20434191,76.90470736,13.0604,80.2406,10,1,0
31-03-2024,Nungambakkam,28.20826438,75.45377612,13.0604,80.2406,6,5,0
30-04-2024,Nungambakkam,30.11000302,79.028338,13.0604,80.2406,12,2,1
31-05-2024,Nungambakkam,29.58698974,78.96746564,13.0604,80.2406,12,8,1
30-06-2024,Nungambakkam,30.31235888,66.52929611,13.0604,80.2406,11,3,2
31-07-2024,Nungambakkam,28.4065907,73.34608698,13.0604,80.2406,10,6,3
31-08-2024,Nungambakkam,32.51506763,67.18676793,13.0604,80.2406,11,5,2
31-10-2019,Anna Nagar,33.73235897,65.27819486,13.0843,80.2106,15,8,1
30-11-2019,Anna Nagar,33.6741568,60.26528059,13.0843,80.2106,8,6,2
31-12-2019,Anna Nagar,27.11832154,87.22969245,13.0843,80.2106,7,8,1
31-01-2020,Anna Nagar,34.00527276,69.76096523,13.0843,80.2106,13,3,0
29-02-2020,Anna Nagar,25.90215302,79.23065451,13.0843,80.2106,4,8,2
31-03-2020,Anna Nagar,32.5555856,65.89612656,13.0843,80.2106,9,2,0
30-04-2020,Anna Nagar,30.93735967,71.27487044,13.0843,80.2106,6,7,1
31-05-2020,Anna Nagar,26.98595981,65.92434861,13.0843,80.2106,9,7,2
30-06-2020,Anna Nagar,26.37730033,76.68368811,13.0843,80.2106,11,7,0
31-07-2020,Anna Nagar,29.21707476,73.39511514,13.0843,80.2106,8,6,1
31-08-2020,Anna Nagar,25.42938905,69.0487351,13.0843,80.2106,12,3,1
30-09-2020,Anna Nagar,32.29615872,74.55098564,13.0843,80.2106,7,4,1
31-10-2020,Anna Nagar,28.12182191,70.05387984,13.0843,80.2106,5,6,2
30-11-2020,Anna Nagar,34.87066666,65.47121336,13.0843,80.2106,10,1,2
31-12-2020,Anna Nagar,33.42643688,61.04983651,13.0843,80.2106,11,1,2
31-01-2021,Anna Nagar,30.84613605,80.36414314,13.0843,80.2106,13,3,1
28-02-2021,Anna Nagar,31.80916681,81.04734358,13.0843,80.2106,13,6,1
31-03-2021,Anna Nagar,25.96244256,61.19985718,13.0843,80.2106,5,1,0
30-04-2021,Anna Nagar,30.92340017,72.84128552,13.0843,80.2106,9,9,3
31-05-2021,Anna Nagar,29.99970598,71.86982579,13.0843,80.2106,8,7,0
30-06-2021,Anna Nagar,34.75889054,81.05558015,13.0843,80.2106,10,2,3
31-07-2021,Anna Nagar,32.29665339,69.65208313,13.0843,80.2106,10,6,2
31-08-2021,Anna Nagar,30.3515839,78.07789203,13.0843,80.2106,8,2,2
30-09-2021,Anna Nagar,25.66092804,79.54363296,13.0843,80.2106,18,1,1
31-10-2021,Anna Nagar,27.13904192,73.4659386,13.0843,80.2106,6,1,1
30-11-2021,Anna Nagar,30.28518515,88.28370031,13.0843,80.2106,9,2,2
31-12-2021,Anna Nagar,33.42031367,65.9753693,13.0843,80.2106,6,5,2
31-01-2022,Anna Nagar,33.54941374,89.81772751,13.0843,80.2106,11,4,1
28-02-2022,Anna Nagar,29.6373233,72.75008537,13.0843,80.2106,2,9,2
31-03-2022,Anna Nagar,29.13547843,84.65308645,13.0843,80.2106,9,5,4
30-04-2022,Anna Nagar,26.34128855,81.91955747,13.0843,80.2106,10,2,0
31-05-2022,Anna Nagar,30.29643405,87.41336692,13.0843,80.2106,11,2,1
30-06-2022,Anna Nagar,31.97168922,72.91332094,13.0843,80.2106,7,7,4
31-07-2022,Anna Nagar,31.55420761,71.04479672,13.0843,80.2106,10,6,1
31-08-2022,Anna Nagar,31.70888485,86.88789875,13.0843,80.2106,14,5,0
30-09-2022,Anna Nagar,25.82170379,62.25721856,13.0843,80.2106,8,2,1
31-10-2022,Anna Nagar,33.60024727,68.7509605,13.0843,80.2106,8,4,0
30-11-2022,Anna Nagar,33.98875933,76.96362675,13.0843,80.2106,17,1,2
31-12-2022,Anna Nagar,28.77765502,76.41282425,13.0843,80.2106,5,2,2
31-01-2023,Anna Nagar,28.99722683,65.20914876,13.0843,80.2106,15,5,2
28-02-2023,Anna Nagar,26.91673395,73.07120798,13.0843,80.2106,13,5,1
31-03-2023,Anna Nagar,26.57216779,69.96777925,13.0843,80.2106,9,9,1
30-04-2023,Anna Nagar,33.09096269,79.29691496,13.0843,80.2106,13,1,0
31-05-2023,Anna Nagar,34.17703166,63.52593072,13.0843,80.2106,11,6,1
30-06-2023,Anna Nagar,33.55904989,72.87758538,13.0843,80.2106,11,5,0
31-07-2023,Anna Nagar,27.98900817,86.75892749,13.0843,80.2106,12,4,0
31-08-2023,Anna Nagar,32.44645124,66.62124906,13.0843,80.2106,7,1,1
30-09-2023,Anna Nagar,32.62882524,65.19517443,13.0843,80.2106,11,4,2
31-10-2023,Anna Nagar,29.54947388,82.38502252,13.0843,80.2106,10,9,0
30-11-2023,Anna Nagar,29.05487811,84.9315577,13.0843,80.2106,15,9,0
31-12-2023,Anna Nagar,27.99691529,79.74893882,13.0843,80.2106,10,8,0
31-01-2024,Anna Nagar,28.29719974,85.08670836,13.0843,80.2106,12,4,0
29-02-2024,Anna Nagar,25.8543613,73.76743748,13.0843,80.2106,9,8,0
31-03-2024,Anna Nagar,29.85856693,85.52589713,13.0843,80.2106,8,4,1
30-04-2024,Anna Nagar,25.22834432,88.45778054,13.0843,80.2106,6,6,2
31-05-2024,Anna Nagar,26.99967276,82.02140435,13.0843,80.2106,10,7,0
30-06-2024,Anna Nagar,32.69540905,89.76686582,13.0843,80.2106,14,5,1
31-07-2024,Anna Nagar,30.66238218,71.36108967,13.0843,80.2106,16,4,0
31-08-2024,Anna Nagar,31.73181165,71.34456066,13.0843,80.2106,10,1,1
31-10-2019,Mylapore,34.60431953,79.0014938,13.033,80.2698,10,8,3
30-11-2019,Mylapore,25.61062803,61.60759241,13.033,80.2698,6,9,1
31-12-2019,Mylapore,33.7639588,60.44639963,13.033,80.2698,13,6,1
31-01-2020,Mylapore,25.56469279,73.81635779,13.033,80.2698,9,9,5
29-02-2020,Mylapore,27.99229187,74.29734986,13.033,80.2698,6,7,1
31-03-2020,Mylapore,26.55023595,79.71383405,13.033,80.2698,7,9,0
30-04-2020,Mylapore,33.26937578,74.29499039,13.033,80.2698,15,5,0
31-05-2020,Mylapore,30.87259706,73.15354289,13.033,80.2698,12,2,1
30-06-2020,Mylapore,32.9991933,85.34252926,13.033,80.2698,13,3,4
31-07-2020,Mylapore,25.35607101,65.59513627,13.033,80.2698,10,8,0
31-08-2020,Mylapore,30.17701617,69.94746575,13.033,80.2698,10,2,0
30-09-2020,Mylapore,30.47224774,81.71698856,13.033,80.2698,9,8,2
31-10-2020,Mylapore,33.1830651,62.03054647,13.033,80.2698,11,7,0
30-11-2020,Mylapore,25.3658191,87.52372348,13.033,80.2698,9,1,0
31-12-2020,Mylapore,34.45542523,70.45427795,13.033,80.2698,6,5,1
31-01-2021,Mylapore,28.94702155,76.93013686,13.033,80.2698,15,7,3
28-02-2021,Mylapore,30.09795049,89.98276752,13.033,80.2698,9,1,1
31-03-2021,Mylapore,31.42795232,65.86269562,13.033,80.2698,10,1,4
30-04-2021,Mylapore,28.04654634,87.29119285,13.033,80.2698,8,7,1
31-05-2021,Mylapore,33.21554693,65.68530969,13.033,80.2698,13,4,0
30-06-2021,Mylapore,27.23954097,80.07427451,13.033,80.2698,13,6,0
31-07-2021,Mylapore,31.71598415,77.1271003,13.033,80.2698,11,4,1
31-08-2021,Mylapore,25.26735379,82.73061591,13.033,80.2698,8,9,1
30-09-2021,Mylapore,26.87916209,61.66454064,13.033,80.2698,11,3,2
31-10-2021,Mylapore,33.45882926,76.05969032,13.033,80.2698,17,7,1
30-11-2021,Mylapore,27.66743214,76.5760077,13.033,80.2698,9,9,0
31-12-2021,Mylapore,33.78288361,80.52326734,13.033,80.2698,11,2,0
31-01-2022,Mylapore,31.47069892,85.81776889,13.033,80.2698,11,1,3
28-02-2022,Mylapore,26.95171632,69.99704229,13.033,80.2698,11,1,0
31-03-2022,Mylapore,25.48500938,70.94072937,13.033,80.2698,4,1,1
30-04-2022,Mylapore,26.95341775,69.08310947,13.033,80.2698,7,5,1
31-05-2022,Mylapore,29.02797821,72.49441162,13.033,80.2698,11,2,1
30-06-2022,Mylapore,33.57409583,76.87897966,13.033,80.2698,8,5,1
31-07-2022,Mylapore,31.88864549,89.59896004,13.033,80.2698,3,6,0
31-08-2022,Mylapore,25.30206322,77.25153552,13.033,80.2698,7,2,0
30-09-2022,Mylapore,26.95069299,87.7070653,13.033,80.2698,3,1,2
31-10-2022,Mylapore,30.63130205,88.0663203,13.033,80.2698,12,8,0
30-11-2022,Mylapore,29.71114141,86.09313839,13.033,80.2698,9,4,1
31-12-2022,Mylapore,26.79010982,63.16564402,13.033,80.2698,9,9,0
31-01-2023,Mylapore,27.58118738,88.83137885,13.033,80.2698,4,3,0
28-02-2023,Mylapore,30.39072962,87.12551809,13.033,80.2698,12,5,1
31-03-2023,Mylapore,32.02239136,88.32574623,13.033,80.2698,13,5,1
30-04-2023,Mylapore,34.33025484,63.11510999,13.033,80.2698,7,1,0
31-05-2023,Mylapore,30.14130752,64.83315073,13.033,80.2698,8,4,1
30-06-2023,Mylapore,25.9196402,64.68606949,13.033,80.2698,11,8,0
31-07-2023,Mylapore,27.59577179,63.99605777,13.033,80.2698,8,3,0
31-08-2023,Mylapore,28.75110191,84.97525509,13.033,80.2698,9,2,0
30-09-2023,Mylapore,33.23212085,88.52138113,13.033,80.2698,7,9,2
31-10-2023,Mylapore,29.71965947,88.05023019,13.033,80.2698,8,9,2
30-11-2023,Mylapore,28.64700932,73.37495374,13.033,80.2698,11,9,0
31-12-2023,Mylapore,26.66187879,73.42293486,13.033,80.2698,13,3,0
31-01-2024,Mylapore,28.44643222,77.57658511,13.033,80.2698,13,4,1
29-02-2024,Mylapore,25.26215277,79.18346497,13.033,80.2698,10,7,1
31-03-2024,Mylapore,30.29095107,76.26634966,13.033,80.2698,13,1,2
30-04-2024,Mylapore,26.65853242,68.49806711,13.033,80.2698,12,7,0
31-05-2024,Mylapore,25.91568154,61.43700373,13.033,80.2698,5,7,0
30-06-2024,Mylapore,29.38963398,85.0909943,13.033,80.2698,10,5,0
31-07-2024,Mylapore,28.04127705,78.42775812,13.033,80.2698,10,5,2
31-08-2024,Mylapore,26.58384691,77.61690596,13.033,80.2698,10,8,0
31-10-2019,Egmore,28.06880683,74.6662541,13.0701,80.2576,11,8,1
30-11-2019,Egmore,30.17876685,69.52767897,13.0701,80.2576,9,8,0
31-12-2019,Egmore,29.77980926,81.9088152,13.0701,80.2576,9,5,2
31-01-2020,Egmore,26.44034857,79.26801206,13.0701,80.2576,5,7,2
29-02-2020,Egmore,26.60195919,63.0317357,13.0701,80.2576,10,6,0
31-03-2020,Egmore,34.23808114,83.4495473,13.0701,80.2576,9,9,0
30-04-2020,Egmore,28.51814719,62.47556888,13.0701,80.2576,8,4,0
31-05-2020,Egmore,27.66761148,63.64092304,13.0701,80.2576,9,1,0
30-06-2020,Egmore,29.7860048,76.1282665,13.0701,80.2576,6,7,1
31-07-2020,Egmore,34.03330806,67.75109908,13.0701,80.2576,7,9,0
31-08-2020,Egmore,32.3294442,71.66684489,13.0701,80.2576,8,6,1
30-09-2020,Egmore,33.66205913,81.162239,13.0701,80.2576,5,3,3
31-10-2020,Egmore,26.51357541,77.15382104,13.0701,80.2576,7,6,0
30-11-2020,Egmore,28.54664558,69.5909885,13.0701,80.2576,5,7,1
31-12-2020,Egmore,26.87911213,80.3519296,13.0701,80.2576,5,5,3
31-01-2021,Egmore,33.94171907,74.15100422,13.0701,80.2576,7,6,0
28-02-2021,Egmore,26.75304687,79.16337412,13.0701,80.2576,11,1,0
31-03-2021,Egmore,25.13647169,88.80786747,13.0701,80.2576,9,2,0
30-04-2021,Egmore,32.77402663,71.99382472,13.0701,80.2576,6,2,0
31-05-2021,Egmore,26.57377926,84.77515464,13.0701,80.2576,11,4,2
30-06-2021,Egmore,31.62892984,66.11315198,13.0701,80.2576,12,9,2
31-07-2021,Egmore,32.69174902,79.33388406,13.0701,80.2576,4,4,3
31-08-2021,Egmore,25.29313033,84.35665303,13.0701,80.2576,7,2,2
30-09-2021,Egmore,26.61080352,79.48427419,13.0701,80.2576,13,9,1
31-10-2021,Egmore,27.19880221,60.66701174,13.0701,80.2576,10,7,1
30-11-2021,Egmore,31.15718658,77.00592319,13.0701,80.2576,7,6,1
31-12-2021,Egmore,26.60841088,86.32911031,13.0701,80.2576,11,5,0
31-01-2022,Egmore,34.66475404,85.65276666,13.0701,80.2576,11,9,2
28-02-2022,Egmore,33.7282014,69.86393798,13.0701,80.2576,15,1,0
31-03-2022,Egmore,32.67058769,64.13608393,13.0701,80.2576,11,3,1
30-04-2022,Egmore,33.01013769,77.17918711,13.0701,80.2576,11,6,1
31-05-2022,Egmore,31.45511126,71.80796555,13.0701,80.2576,12,7,1
30-06-2022,Egmore,25.79684253,60.31066327,13.0701,80.2576,13,6,1
31-07-2022,Egmore,28.38413711,60.66355572,13.0701,80.2576,9,2,2
31-08-2022,Egmore,33.06331594,60.64858963,13.0701,80.2576,12,1,2
30-09-2022,Egmore,27.72223357,60.16664396,13.0701,80.2576,14,2,1
31-10-2022,Egmore,30.25468304,66.90703932,13.0701,80.2576,9,1,1
30-11-2022,Egmore,30.63712413,61.9257803,13.0701,80.2576,15,5,0
31-12-2022,Egmore,29.88377245,84.84372806,13.0701,80.2576,9,5,2
31-01-2023,Egmore,33.08366416,66.22566451,13.0701,80.2576,10,1,1
28-02-2023,Egmore,30.80868484,85.53242542,13.0701,80.2576,12,7,0
31-03-2023,Egmore,29.39324021,83.77639801,13.0701,80.2576,12,5,1
30-04-2023,Egmore,26.29664979,80.19597626,13.0701,80.2576,11,2,0
31-05-2023,Egmore,30.99747909,64.0879193,13.0701,80.2576,9,4,2
30-06-2023,Egmore,29.95944717,76.19302485,13.0701,80.2576,6,2,0
31-07-2023,Egmore,33.06098026,83.05640199,13.0701,80.2576,10,7,1
31-08-2023,Egmore,32.76502419,76.8170137,13.0701,80.2576,10,1,0
30-09-2023,Egmore,34.20314588,69.33924055,13.0701,80.2576,13,2,3
31-10-2023,Egmore,28.60713056,86.20528623,13.0701,80.2576,9,9,1
30-11-2023,Egmore,26.87183837,67.15209526,13.0701,80.2576,12,6,0
31-12-2023,Egmore,33.61647281,89.83542215,13.0701,80.2576,14,3,1
31-01-2024,Egmore,25.76549468,85.71187738,13.0701,80.2576,11,6,3
29-02-2024,Egmore,26.09935548,83.70708267,13.0701,80.2576,12,7,2
31-03-2024,Egmore,29.35279286,80.72966899,13.0701,80.2576,6,7,2
30-04-2024,Egmore,27.26540366,68.313474,13.0701,80.2576,9,7,2
31-05-2024,Egmore,33.04692978,75.94373472,13.0701,80.2576,8,8,0
30-06-2024,Egmore,29.43640097,82.49456615,13.0701,80.2576,7,1,1
31-07-2024,Egmore,31.89613951,78.83239944,13.0701,80.2576,7,4,0
31-08-2024,Egmore,33.47457344,72.51236333,13.0701,80.2576,10,7,1
31-10-2019,Royapettah,34.09391581,76.20162936,13.0604,80.2616,5,5,2
30-11-2019,Royapettah,27.89137609,64.31285605,13.0604,80.2616,9,3,0
31-12-2019,Royapettah,32.74558815,77.58749014,13.0604,80.2616,9,3,0
31-01-2020,Royapettah,28.02450445,65.68180665,13.0604,80.2616,10,7,0
29-02-2020,Royapettah,34.3274384,69.51693018,13.0604,80.2616,12,1,1
31-03-2020,Royapettah,31.20690514,68.74406751,13.0604,80.2616,7,1,1
30-04-2020,Royapettah,30.94659382,88.12389593,13.0604,80.2616,14,8,0
31-05-2020,Royapettah,30.23092165,87.89179731,13.0604,80.2616,14,1,1
30-06-2020,Royapettah,26.9005522,88.55914321,13.0604,80.2616,5,7,0
31-07-2020,Royapettah,31.07639446,82.03401541,13.0604,80.2616,9,3,1
31-08-2020,Royapettah,25.36700838,79.19840061,13.0604,80.2616,10,1,1
30-09-2020,Royapettah,26.23878756,78.64343473,13.0604,80.2616,9,5,2
31-10-2020,Royapettah,34.05191227,89.80179866,13.0604,80.2616,14,8,1
30-11-2020,Royapettah,25.28216639,76.49948929,13.0604,80.2616,6,8,1
31-12-2020,Royapettah,32.00282429,69.4026996,13.0604,80.2616,8,9,0
31-01-2021,Royapettah,30.67626374,63.70175129,13.0604,80.2616,9,7,2
28-02-2021,Royapettah,32.4372701,85.09895355,13.0604,80.2616,13,2,0
31-03-2021,Royapettah,33.87356837,64.26759161,13.0604,80.2616,11,5,3
30-04-2021,Royapettah,28.84391346,86.63693255,13.0604,80.2616,5,9,0
31-05-2021,Royapettah,28.48901874,84.08455334,13.0604,80.2616,9,5,2
30-06-2021,Royapettah,33.18524134,82.58591289,13.0604,80.2616,11,2,1
31-07-2021,Royapettah,31.01984987,87.66881684,13.0604,80.2616,10,3,2
31-08-2021,Royapettah,32.69402849,80.00739339,13.0604,80.2616,15,2,1
30-09-2021,Royapettah,30.24924606,82.57443414,13.0604,80.2616,5,2,1
31-10-2021,Royapettah,34.85703718,63.72335276,13.0604,80.2616,8,1,2
30-11-2021,Royapettah,25.48228381,74.87908895,13.0604,80.2616,9,7,2
31-12-2021,Royapettah,27.38335943,75.32772847,13.0604,80.2616,14,3,0
31-01-2022,Royapettah,30.54760941,84.86040392,13.0604,80.2616,8,2,2
28-02-2022,Royapettah,28.55798271,70.20523831,13.0604,80.2616,11,1,2
31-03-2022,Royapettah,27.82836027,71.89805702,13.0604,80.2616,7,8,0
30-04-2022,Royapettah,27.20999968,78.14449746,13.0604,80.2616,12,7,1
31-05-2022,Royapettah,32.38874342,64.50628422,13.0604,80.2616,13,1,1
30-06-2022,Royapettah,29.7746278,70.5722341,13.0604,80.2616,10,6,0
31-07-2022,Royapettah,30.78121909,67.65002188,13.0604,80.2616,2,9,2
31-08-2022,Royapettah,32.23620445,63.46216658,13.0604,80.2616,11,7,1
30-09-2022,Royapettah,27.64876985,63.5053487,13.0604,80.2616,12,6,0
31-10-2022,Royapettah,26.03733326,61.76021426,13.0604,80.2616,10,8,1
30-11-2022,Royapettah,33.83517001,81.48000026,13.0604,80.2616,20,1,1
31-12-2022,Royapettah,32.05438987,63.72586717,13.0604,80.2616,13,4,0
31-01-2023,Royapettah,34.66055909,71.22234252,13.0604,80.2616,8,9,1
28-02-2023,Royapettah,32.91718267,78.60987878,13.0604,80.2616,5,1,2
31-03-2023,Royapettah,30.23037691,82.85472074,13.0604,80.2616,10,6,2
30-04-2023,Royapettah,31.95458097,65.89200946,13.0604,80.2616,6,4,1
31-05-2023,Royapettah,31.50862755,65.47734256,13.0604,80.2616,11,4,0
30-06-2023,Royapettah,27.07415381,63.54057942,13.0604,80.2616,9,3,1
31-07-2023,Royapettah,34.28937452,62.68244693,13.0604,80.2616,15,2,2
31-08-2023,Royapettah,26.46259093,64.13515091,13.0604,80.2616,13,3,0
30-09-2023,Royapettah,27.53678589,73.5954413,13.0604,80.2616,12,2,3
31-10-2023,Royapettah,30.36374446,75.85322761,13.0604,80.2616,6,3,1
30-11-2023,Royapettah,34.43015987,76.38452596,13.0604,80.2616,6,5,0
31-12-2023,Royapettah,28.24250399,80.54898585,13.0604,80.2616,10,5,0
31-01-2024,Royapettah,31.12741911,79.17146103,13.0604,80.2616,13,2,1
29-02-2024,Royapettah,31.54781785,69.85004415,13.0604,80.2616,13,4,1
31-03-2024,Royapettah,25.36921712,61.0633676,13.0604,80.2616,9,2,1
30-04-2024,Royapettah,29.39130963,67.72981919,13.0604,80.2616,5,8,1
31-05-2024,Royapettah,31.64493894,80.27811291,13.0604,80.2616,9,7,1
30-06-2024,Royapettah,32.12105933,88.10366313,13.0604,80.2616,7,4,0
31-07-2024,Royapettah,32.87250263,72.06607294,13.0604,80.2616,15,1,0
31-08-2024,Royapettah,29.96447555,66.11586954,13.0604,80.2616,5,8,2
